Modelo,MAE (R$),RMSE (R$),R²,Melhores Parâmetros,MLflow Run ID
Lasso,2521.0771688074174,2911.318854161859,0.9804210261576,{'alpha': 10.0},b17dc6c13ed4454d98b10ec1a9dd6e4f
Ridge,2528.415307194686,2919.3762514783702,0.9803125022327277,{'alpha': 1.0},afbeba18037d44d38e1f3336d2ebfff7
XGBoost,2581.584413533804,3012.5692117646067,0.9790355029973381,"{'colsample_bytree': 1.0, 'learning_rate': 0.05, 'max_depth': 3, 'n_estimators': 600, 'subsample': 0.8}",6988d6a998c1450584844a294945baba
Gradient Boosting,2609.8313425400524,3051.130446511575,0.9784953721336241,"{'learning_rate': 0.05, 'max_depth': 3, 'n_estimators': 400}",7775432fc28346cfb9224a8d0f88cb36
LightGBM,2589.4276290517714,3059.2159128942762,0.9783812470038032,"{'learning_rate': 0.05, 'min_child_samples': 40, 'n_estimators': 300, 'num_leaves': 31}",bc58ba2ce8a64b75ad82034ea2ac6fb5
Random Forest,2725.157820411075,3264.0836490999227,0.9753887914719476,"{'max_depth': 20, 'min_samples_split': 5, 'n_estimators': 400}",482e800c69e24127baea5a9c956e626e
