{
  "timestamp": "2025-09-28T18:05:26.728431",
  "dataset_info": {
    "shape": [
      10000,
      9
    ],
    "memory_usage_mb": 3.015763282775879,
    "columns": [
      "Marca",
      "Modelo",
      "Ano",
      "Quilometragem",
      "Cor",
      "Cambio",
      "Combustivel",
      "Portas",
      "Valor_Venda"
    ]
  },
  "data_quality": {
    "completeness": {
      "Marca": 100.0,
      "Modelo": 100.0,
      "Ano": 99.0,
      "Quilometragem": 99.0,
      "Cor": 100.0,
      "Cambio": 100.0,
      "Combustivel": 100.0,
      "Portas": 100.0,
      "Valor_Venda": 100.0
    },
    "uniqueness": {
      "Marca": 0.1,
      "Modelo": 0.32,
      "Ano": 0.24,
      "Quilometragem": 96.52,
      "Cor": 0.06,
      "Cambio": 0.02,
      "Combustivel": 0.03,
      "Portas": 0.02,
      "Valor_Venda": 96.72
    },
    "missing_values": {
      "Marca": 0,
      "Modelo": 0,
      "Ano": 100,
      "Quilometragem": 100,
      "Cor": 0,
      "Cambio": 0,
      "Combustivel": 0,
      "Portas": 0,
      "Valor_Venda": 0
    },
    "duplicates": "0"
  },
  "statistical_summary": {
    "Ano": {
      "mean": 2011.5160606060606,
      "median": 2012.0,
      "std": 6.903871771351185,
      "min": 2000.0,
      "max": 2023.0,
      "skewness": -0.007025285903521867,
      "kurtosis": -1.1963828561579808
    },
    "Quilometragem": {
      "mean": 99805.3397979798,
      "median": 99751.0,
      "std": 57760.4238967381,
      "min": 10.0,
      "max": 199994.0,
      "skewness": -9.492835441889856e-05,
      "kurtosis": -1.1887661731742194
    },
    "Portas": {
      "mean": 3.0086,
      "median": 4.0,
      "std": 1.0000130212173541,
      "min": "2",
      "max": "4",
      "skewness": -0.01720321668131379,
      "kurtosis": -2.0001041101698522
    },
    "Valor_Venda": {
      "mean": 83097.48684,
      "median": 58905.7,
      "std": 166858.22213433936,
      "min": 10000.0,
      "max": 1241962.0,
      "skewness": 6.693240958563185,
      "kurtosis": 43.568331546244046
    }
  },
  "outliers_analysis": {
    "Ano": {
      "count": "0",
      "percentage": 0.0,
      "lower_bound": 1989.5,
      "upper_bound": 2033.5,
      "outlier_values": []
    },
    "Quilometragem": {
      "count": "0",
      "percentage": 0.0,
      "lower_bound": -97362.75,
      "upper_bound": 297505.25,
      "outlier_values": []
    },
    "Portas": {
      "count": "0",
      "percentage": 0.0,
      "lower_bound": -1.0,
      "upper_bound": 7.0,
      "outlier_values": []
    },
    "Valor_Venda": {
      "count": "217",
      "percentage": 2.17,
      "lower_bound": -1038.974999999984,
      "upper_bound": 120310.42499999999,
      "outlier_values": [
        122013.8,
        1241962.0,
        1241962.0,
        1241962.0,
        1241962.0,
        1241962.0,
        1241962.0,
        1241962.0,
        1241962.0,
        1241962.0,
        1241962.0,
        1241962.0,
        1241962.0,
        1241962.0,
        123679.8,
        120810.8,
        1241962.0,
        1241962.0,
        1241962.0,
        123290.4,
        1241962.0,
        1241962.0,
        1241962.0,
        1241962.0,
        1241962.0,
        1241962.0,
        1241962.0,
        1241962.0,
        1241962.0,
        120850.6,
        1241962.0,
        1241962.0,
        1241962.0,
        1241962.0,
        1241962.0,
        1241962.0,
        1241962.0,
        121276.2,
        1241962.0,
        1241962.0,
        1241962.0,
        1241962.0,
        1241962.0,
        1241962.0,
        1241962.0,
        1241962.0,
        1241962.0,
        1241962.0,
        1241962.0,
        1241962.0,
        1241962.0,
        1241962.0,
        1241962.0,
        1241962.0,
        1241962.0,
        1241962.0,
        1241962.0,
        1241962.0,
        1241962.0,
        1241962.0,
        1241962.0,
        1241962.0,
        1241962.0,
        1241962.0,
        1241962.0,
        1241962.0,
        121213.2,
        1241962.0,
        1241962.0,
        1241962.0,
        1241962.0,
        1241962.0,
        1241962.0,
        1241962.0,
        121823.6,
        1241962.0,
        1241962.0,
        1241962.0,
        1241962.0,
        1241962.0,
        1241962.0,
        1241962.0,
        1241962.0,
        1241962.0,
        1241962.0,
        1241962.0,
        1241962.0,
        1241962.0,
        1241962.0,
        1241962.0,
        1241962.0,
        1241962.0,
        1241962.0,
        1241962.0,
        1241962.0,
        1241962.0,
        122286.2,
        1241962.0,
        124196.2,
        1241962.0,
        1241962.0,
        1241962.0,
        1241962.0,
        1241962.0,
        1241962.0,
        1241962.0,
        1241962.0,
        1241962.0,
        1241962.0,
        1241962.0,
        1241962.0,
        1241962.0,
        1241962.0,
        1241962.0,
        1241962.0,
        1241962.0,
        124058.6,
        1241962.0,
        1241962.0,
        1241962.0,
        1241962.0,
        1241962.0,
        1241962.0,
        1241962.0,
        1241962.0,
        1241962.0,
        1241962.0,
        1241962.0,
        1241962.0,
        1241962.0,
        1241962.0,
        1241962.0,
        1241962.0,
        1241962.0,
        1241962.0,
        1241962.0,
        1241962.0,
        1241962.0,
        1241962.0,
        1241962.0,
        1241962.0,
        1241962.0,
        1241962.0,
        1241962.0,
        1241962.0,
        1241962.0,
        1241962.0,
        1241962.0,
        1241962.0,
        1241962.0,
        1241962.0,
        1241962.0,
        1241962.0,
        1241962.0,
        1241962.0,
        1241962.0,
        1241962.0,
        1241962.0,
        1241962.0,
        1241962.0,
        1241962.0,
        1241962.0,
        1241962.0,
        1241962.0,
        1241962.0,
        1241962.0,
        1241962.0,
        1241962.0,
        1241962.0,
        122171.8,
        1241962.0,
        1241962.0,
        1241962.0,
        1241962.0,
        1241962.0,
        1241962.0,
        1241962.0,
        1241962.0,
        1241962.0,
        1241962.0,
        1241962.0,
        120541.8,
        1241962.0,
        1241962.0,
        123973.2,
        1241962.0,
        1241962.0,
        1241962.0,
        1241962.0,
        1241962.0,
        1241962.0,
        1241962.0,
        120521.2,
        1241962.0,
        1241962.0,
        1241962.0,
        1241962.0,
        1241962.0,
        1241962.0,
        123343.6,
        1241962.0,
        1241962.0,
        1241962.0,
        1241962.0,
        1241962.0,
        1241962.0,
        1241962.0,
        1241962.0,
        1241962.0,
        1241962.0,
        1241962.0,
        1241962.0,
        1241962.0,
        1241962.0,
        123120.2,
        1241962.0,
        1241962.0
      ]
    }
  },
  "categorical_analysis": {
    "Marca": {
      "unique_values": 10,
      "most_frequent": "Volkswagen",
      "most_frequent_count": "1053",
      "distribution": {
        "Volkswagen": 1053,
        "Nissan": 1034,
        "Honda": 1021,
        "Ford": 1017,
        "Fiat": 996,
        "Renault": 994,
        "Chevrolet": 985,
        "Hyundai": 971,
        "Jeep": 967,
        "Toyota": 962
      }
    },
    "Modelo": {
      "unique_values": 32,
      "most_frequent": "Compass",
      "most_frequent_count": "493",
      "distribution": {
        "Compass": 493,
        "Renegade": 474,
        "Frontier": 363,
        "Kicks": 358,
        "Duster": 355,
        "EcoSport": 354,
        "Civic": 343,
        "HR-V": 342,
        "Ranger": 339,
        "Fit": 336
      }
    },
    "Cor": {
      "unique_values": 6,
      "most_frequent": "Azul",
      "most_frequent_count": "1739",
      "distribution": {
        "Azul": 1739,
        "Cinza": 1720,
        "Preto": 1700,
        "Branco": 1652,
        "Vermelho": 1599,
        "Prata": 1590
      }
    },
    "Cambio": {
      "unique_values": 2,
      "most_frequent": "Automático",